id,firstname,lastname,email
1,John,Doe,john.doe@example.com
2,Jane,Smith,jane.smith@example.com
3,Alice,Johnson,alice.johnson@example.com
4,Bob,Brown,bob.brown@example.com
5,David,Brown,david.brown@example.com
6,Emma,Jones,emma.jones@example.com
7,James,Garcia,james.garcia@example.com
8,Olivia,Miller,olivia.miller@example.com
9,Daniel,Davis,daniel.davis@example.com
10,Isabella,Rodriguez,isabella.rodriguez@example.com
11,Matthew,Martinez,matthew.martinez@example.com
12,Sophia,Hernandez,sophia.hernandez@example.com
13,Joseph,Lopez,joseph.lopez@example.com
14,Mia,Gonzalez,mia.gonzalez@example.com
15,Christopher,Wilson,christopher.wilson@example.com
16,Amelia,Anderson,amelia.anderson@example.com
17,Andrew,Thomas,andrew.thomas@example.com
18,Charlotte,Taylor,charlotte.taylor@example.com
19,Joshua,Moore,joshua.moore@example.com
20,Harper,Jackson,harper.jackson@example.com
21,Anthony,Martin,anthony.martin@example.com
22,Evelyn,Lee,evelyn.lee@example.com
23,Alexander,Perez,alexander.perez@example.com
24,Abigail,Thompson,abigail.thompson@example.com
25,William,White,william.white@example.com
26,Avery,Harris,avery.harris@example.com
27,Samuel,Sanchez,samuel.sanchez@example.com
28,Ella,Clark,ella.clark@example.com
29,Henry,Ramirez,henry.ramirez@example.com
30,Scarlett,Lewis,scarlett.lewis@example.com
31,Jackson,Robinson,jackson.robinson@example.com
32,Grace,Walker,grace.walker@example.com
33,Sebastian,Young,sebastian.young@example.com
34,Victoria,Allen,victoria.allen@example.com
35,Aiden,King,aiden.king@example.com
36,Aria,Wright,aria.wright@example.com
37,Logan,Scott,logan.scott@example.com
38,Chloe,Torres,chloe.torres@example.com
39,Lucas,Nguyen,lucas.nguyen@example.com
40,Penelope,Hill,penelope.hill@example.com
41,Jack,Flores,jack.flores@example.com
42,Lillian,Green,lillian.green@example.com
43,Levi,Adams,levi.adams@example.com
44,Layla,Nelson,layla.nelson@example.com
45,Isaac,Baker,isaac.baker@example.com
46,Nora,Hall,nora.hall@example.com
47,Wyatt,Rivera,wyatt.rivera@example.com
48,Zoe,Campbell,zoe.campbell@example.com
49,Jayden,Mitchell,jayden.mitchell@example.com
50,Hannah,Carter,hannah.carter@example.com
51,David,Roberts,david.roberts@example.com
52,Addison,Gomez,addison.gomez@example.com
53,John,Phillips,john.phillips@example.com
54,Stella,Evans,stella.evans@example.com
55,Joseph,Turner,joseph.turner@example.com
56,Ellie,Diaz,ellie.diaz@example.com
57,Matthew,Parker,matthew.parker@example.com
58,Lucy,Cruz,lucy.cruz@example.com
59,James,Edwards,james.edwards@example.com
60,Audrey,Collins,audrey.collins@example.com
61,Michael,Reyes,michael.reyes@example.com
62,Claire,Stewart,claire.stewart@example.com
63,Daniel,Morris,daniel.morris@example.com
64,Scarlett,Murphy,scarlett.murphy@example.com
65,Christopher,Cook,christopher.cook@example.com
66,Victoria,Rogers,victoria.rogers@example.com
67,Andrew,Morgan,andrew.morgan@example.com
68,Zoey,Peterson,zoey.peterson@example.com
69,Joshua,Cooper,joshua.cooper@example.com
70,Leah,Reed,leah.reed@example.com
71,William,Bailey,william.bailey@example.com
72,Anna,Bell,anna.bell@example.com
73,Alexander,Gomez,alexander.gomez@example.com
74,Ellie,Howard,ellie.howard@example.com
75,Henry,Ward,henry.ward@example.com
76,Grace,Cox,grace.cox@example.com
77,Samuel,Diaz,samuel.diaz@example.com
78,Stella,Richardson,stella.richardson@example.com
79,David,Wood,david.wood@example.com
80,Penelope,Watson,penelope.watson@example.com
81,Joseph,Brooks,joseph.brooks@example.com
82,Lucy,Bennett,lucy.bennett@example.com
83,Matthew,Gray,matthew.gray@example.com
84,Audrey,James,audrey.james@example.com
85,James,Reyes,james.reyes@example.com
86,Addison,Griffin,addison.griffin@example.com
87,Michael,Diaz,michael.diaz@example.com
88,Ellie,Hayes,ellie.hayes@example.com
89,Daniel,Myers,daniel.myers@example.com
90,Scarlett,Long,scarlett.long@example.com
91,Christopher,Foster,christopher.foster@example.com
92,Victoria,Sanders,victoria.sanders@example.com
93,Andrew,Ross,andrew.ross@example.com
94,Zoey,Morales,zoey.morales@example.com
95,Joshua,Powell,joshua.powell@example.com
96,Leah,Sullivan,leah.sullivan@example.com
97,William,Russell,william.russell@example.com
98,Anna,Ortiz,anna.ortiz@example.com
99,Alexander,Jenkins,alexander.jenkins@example.com
100,Ellie,Perry,ellie.perry@example.com
